dd:
	wget http://res.pokemon.name/sprites/core/usum/front/019.01.png -o '19-alola.png'
	wget http://res.pokemon.name/sprites/core/usum/front/020.01.png -o '20-alola.png'
	wget http://res.pokemon.name/sprites/core/usum/front/026.01.png -o '26-alola.png'
	wget http://res.pokemon.name/sprites/core/usum/front/027.01.png -o '27-alola.png'
	wget http://res.pokemon.name/sprites/core/usum/front/028.01.png -o '28-alola.png'
	wget http://res.pokemon.name/sprites/core/usum/front/037.01.png -o '37-alola.png'
	wget http://res.pokemon.name/sprites/core/usum/front/038.01.png -o '38-alola.png'
	wget http://res.pokemon.name/sprites/core/usum/front/050.01.png -o '50-alola.png'
	wget http://res.pokemon.name/sprites/core/usum/front/051.01.png -o '51-alola.png'
	wget http://res.pokemon.name/sprites/core/usum/front/052.01.png -o '52-alola.png'
	wget http://res.pokemon.name/sprites/core/usum/front/053.01.png -o '53-alola.png'
	wget http://res.pokemon.name/sprites/core/usum/front/074.01.png -o '74-alola.png'
	wget http://res.pokemon.name/sprites/core/usum/front/075.01.png -o '75-alola.png'
	wget http://res.pokemon.name/sprites/core/usum/front/076.01.png -o '76-alola.png'
	wget http://res.pokemon.name/sprites/core/usum/front/088.01.png -o '88-alola.png'
	wget http://res.pokemon.name/sprites/core/usum/front/089.01.png -o '89-alola.png'
	wget http://res.pokemon.name/sprites/core/usum/front/103.01.png -o '103-alola.png'
	wget http://res.pokemon.name/sprites/core/usum/front/105.01.png -o '105-alola.png'

resize:
	convert 19-alola.png -resize 80x80 19-alola.png
	convert 809.png -resize 80x80 809.png
	convert 808.png -resize 80x80 808.png
	convert 492-sky.png -resize 80x80 492-sky.png
	convert 492-land.png -resize 80x80 492-land.png
	convert 487-origin.png -resize 80x80 487-origin.png
	convert 487-altered.png -resize 80x80 487-altered.png
	convert 479-wash.png -resize 80x80 479-wash.png
	convert 479-normal.png -resize 80x80 479-normal.png
	convert 479-mow.png -resize 80x80 479-mow.png
	convert 479-heat.png -resize 80x80 479-heat.png
	convert 479-frost.png -resize 80x80 479-frost.png
	convert 479-fan.png -resize 80x80 479-fan.png
	convert 413-trash.png -resize 80x80 413-trash.png
	convert 413-sandy.png -resize 80x80 413-sandy.png
	convert 413-plant.png -resize 80x80 413-plant.png
	convert 386-speed.png -resize 80x80 386-speed.png
	convert 386-normal.png -resize 80x80 386-normal.png
	convert 386-defense.png -resize 80x80 386-defense.png
	convert 386-attack.png -resize 80x80 386-attack.png
	convert 105-alola.png -resize 80x80 105-alola.png
	convert 103-alola.png -resize 80x80 103-alola.png
	convert 89-alola.png -resize 80x80 89-alola.png
	convert 88-alola.png -resize 80x80 88-alola.png
	convert 76-alola.png -resize 80x80 76-alola.png
	convert 75-alola.png -resize 80x80 75-alola.png
	convert 74-alola.png -resize 80x80 74-alola.png
	convert 53-alola.png -resize 80x80 53-alola.png
	convert 52-alola.png -resize 80x80 52-alola.png
	convert 51-alola.png -resize 80x80 51-alola.png
	convert 50-alola.png -resize 80x80 50-alola.png
	convert 38-alola.png -resize 80x80 38-alola.png
	convert 37-alola.png -resize 80x80 37-alola.png
	convert 28-alola.png -resize 80x80 28-alola.png
	convert 27-alola.png -resize 80x80 27-alola.png
	convert 26-alola.png -resize 80x80 26-alola.png
	convert 20-alola.png -resize 80x80 20-alola.png
